team,season,won_sb,prediction_GBM,prediction_RF,avg_prediction
Rams,1999,1,0.19818830547166688,0.5814388888888888,0.38981359718027786
49ers,1994,1,0.2145609071317326,0.5039531746031746,0.3592570408674536
Colts,2006,1,0.14033908078860013,0.5652325396825403,0.3527858102355702
Saints,2009,1,0.18860457379883677,0.48480634920634913,0.33670546150259295
Seahawks,2013,1,0.14787174430764138,0.46386269841269856,0.30586722136016997
Chiefs,2019,1,0.11307961200644989,0.47395317460317454,0.2935163933048122
Buccanneers,2002,1,0.10519561308387004,0.47881825396825406,0.29200693352606205
Steelers,2005,1,0.12742448186439292,0.44501111111111125,0.2862177964877521
Broncos,1998,1,0.10916377947380873,0.4625738095238095,0.2858687944988091
Patriots,2003,1,0.10989639061070078,0.4587793650793648,0.2843378778450328
Steelers,2008,1,0.10713706946786927,0.44123412698412695,0.2741855982259981
Cowboys,1995,1,0.08651245059442336,0.4383968253968255,0.2624546379956244
Patriots,2004,1,0.08820924931417562,0.4299515873015876,0.25908041830788164
Patriots,2016,1,0.08856957279138855,0.42875714285714284,0.2586633578242657
Packers,2010,1,0.13676222252141135,0.3567111111111111,0.24673666681626122
Patriots,2018,1,0.07090053324351542,0.406345238095238,0.2386228856693767
Patriots,2001,1,0.09419294410172863,0.38255396825396804,0.23837345617784833
Giants,2011,1,0.07780637578842775,0.3771658730158732,0.22748612440215046
Broncos,2015,1,0.06536334846154201,0.384174603174603,0.2247689758180725
Ravens,2012,1,0.06666029472668333,0.36946746031746036,0.21806387752207185
Packers,1996,1,0.11130218788518065,0.21546349206349208,0.16338283997433636
Patriots,2007,0,0.09485550120837083,0.20447301587301597,0.1496642585406934
Titans,2000,0,0.11502500557466633,0.15497698412698416,0.13500099485082523
Rams,2001,0,0.11023627066930852,0.1550920634920635,0.132664167080686
Rams,2000,0,0.06256896945516532,0.16927301587301588,0.1159209926640906
Packers,2009,0,0.0696296641211318,0.15051428571428574,0.11007197491770877
Colts,2004,0,0.08781969876852513,0.13170952380952383,0.10976461128902448
Patriots,2010,0,0.04467535739581008,0.17123015873015868,0.10795275806298438
Chiefs,2018,0,0.06946808690208206,0.14554603174603173,0.1075070593240569
Jets,2009,0,0.05947054827755005,0.1528111111111111,0.10614082969433057
49ers,1995,0,0.08907940140205639,0.12025158730158735,0.10466549435182187
Chargers,2010,0,0.08861717947595049,0.12014761904761907,0.10438239926178478
Saints,2011,0,0.060582310061073175,0.14508492063492065,0.10283361534799691
Vikings,1998,0,0.0704283810367291,0.12415952380952383,0.09729395242312647
Steelers,2010,0,0.07584679585531717,0.11659603174603177,0.09622141380067448
Steelers,2004,0,0.09970902187598263,0.08339603174603175,0.09155252681100719
Saints,2018,0,0.06130204053513166,0.12120634920634919,0.09125419487074043
Colts,2005,0,0.088084602762596,0.09433015873015874,0.09120738074637737
Ravens,2006,0,0.07584976706089641,0.10468730158730162,0.09026853432409901
Ravens,2019,0,0.06111850726785417,0.1155920634920635,0.08835528537995883
Patriots,2012,0,0.02967887436139105,0.14674523809523807,0.08821205622831456
Ravens,2008,0,0.06212668153134282,0.11412142857142861,0.08812405505138571
Chiefs,2004,0,0.06245305490309405,0.1131936507936508,0.08782335284837242
Colts,2007,0,0.07066192501097934,0.09290079365079366,0.08178135933088651
Chiefs,2003,0,0.0536919075760236,0.10924920634920636,0.08147055696261499
Packers,2011,0,0.0511583411725679,0.10568333333333335,0.07842083725295063
Panthers,2005,0,0.0757263222899307,0.08014285714285715,0.07793458971639393
Rams,2018,0,0.05551628848911938,0.09818095238095238,0.07684862043503587
Chiefs,2013,0,0.03325685722267102,0.11956428571428575,0.07641057146847838
Bears,2018,0,0.04764314585895424,0.10450555555555562,0.07607435070725493
Falcons,2016,0,0.045901383677975804,0.10505,0.0754756918389879
49ers,1997,0,0.08302285814578336,0.06657777777777775,0.07480031796178055
Cowboys,1994,0,0.06472401120840832,0.08375476190476193,0.07423938655658513
Broncos,1997,1,0.04419752558338441,0.1032833333333334,0.0737404294583589
49ers,1998,0,0.03993429971702045,0.10708412698412703,0.07350921335057374
Cowboys,2003,0,0.045318134586392333,0.10098095238095241,0.07314954348367236
Vikings,2009,0,0.04608097952760104,0.09724603174603175,0.0716635056368164
Broncos,2012,0,0.05524266738499428,0.08796269841269842,0.07160268289884636
Packers,1997,0,0.07540589665298336,0.06654523809523809,0.07097556737411073
49ers,2019,0,0.07089693807874187,0.0695611111111111,0.07022902459492648
Buccanneers,2000,0,0.07548090582789779,0.06413650793650794,0.06980870688220286
Buccanneers,2019,0,0.047143498751405555,0.08946428571428572,0.06830389223284564
Broncos,2013,0,0.04394253483969979,0.09171031746031746,0.06782642615000863
Chargers,2006,0,0.06096392109037774,0.07431587301587303,0.06763989705312538
Ravens,2000,1,0.05302473489058812,0.08114206349206352,0.06708339919132582
Chiefs,2002,0,0.04882469860401739,0.08474126984126987,0.06678298422264363
Jaguars,2017,0,0.05904660524224459,0.07385238095238095,0.06644949309731277
Steelers,2011,0,0.04928738329907567,0.07950873015873015,0.06439805672890292
Falcons,1998,0,0.05728297122930126,0.07133095238095237,0.06430696180512682
Chargers,2004,0,0.05856403850519776,0.06967539682539682,0.06411971766529728
Saints,2013,0,0.05203689447755533,0.0760968253968254,0.06406685993719036
Patriots,2019,0,0.07088499631418255,0.05536269841269839,0.06312384736344047
Seahawks,2015,0,0.0663533821885528,0.0581642857142857,0.06225883395141925
Chargers,2009,0,0.06578589844348304,0.05851190476190477,0.0621489016026939
Broncos,2000,0,0.05380360450170529,0.06942619047619046,0.06161489748894788
Ravens,2014,0,0.04538797391804528,0.07765634920634919,0.06152216156219723
Buccanneers,1999,0,0.05016344287338248,0.07204285714285713,0.061103150008119805
Seahawks,2005,0,0.043464888543250035,0.07841984126984128,0.06094236490654566
Panthers,2013,0,0.04431875870951685,0.0745873015873016,0.059453030148409226
Chargers,2008,0,0.06198753348113728,0.055625396825396814,0.05880646515326705
Cowboys,2019,0,0.04713055164052993,0.0695753968253968,0.058352974232963366
Chiefs,2005,0,0.0345405522077783,0.07965555555555558,0.05709805388166694
Ravens,1999,0,0.047120364257283276,0.06613492063492066,0.05662764244610197
Patriots,2015,0,0.04078856097655048,0.07226428571428575,0.05652642334541812
Falcons,1997,0,0.034297438731678676,0.07699444444444442,0.05564594158806155
Colts,2014,0,0.03489645673242725,0.07609761904761905,0.05549703789002315
Bills,2004,0,0.04938316992235414,0.059982539682539665,0.054682854802446904
Falcons,2008,0,0.03216203445429511,0.0762690476190476,0.05421554103667135
Panthers,2011,0,0.03019522342992842,0.0776920634920635,0.05394364346099596
Rams,2013,0,0.02662971732353192,0.08024444444444444,0.05343708088398818
Seahawks,2018,0,0.03936518848950821,0.06726031746031748,0.05331275297491284
Vikings,2017,0,0.045807392463446894,0.06078730158730159,0.05329734702537424
Bears,2013,0,0.02850844821433851,0.07662063492063491,0.05256454156748671
Packers,2007,0,0.03552714836899962,0.0688785714285714,0.05220285989878551
Steelers,2018,0,0.038082131907760775,0.0661515873015873,0.052116859604674035
Raiders,2002,0,0.036019996688031464,0.06807380952380951,0.052046903105920486
Panthers,2015,0,0.039279279023363034,0.06355714285714285,0.051418210940252944
Colts,2009,0,0.030796083276162456,0.07134920634920636,0.051072644812684406
Seahawks,2012,0,0.05273923441432782,0.049260317460317476,0.05099977593732265
Titans,2019,0,0.04688380017273863,0.05464841269841269,0.050766106435575664
Bears,2012,0,0.02883428620967532,0.07243412698412698,0.05063420659690115
Eagles,2017,1,0.029716092329013732,0.07105714285714285,0.05038661759307829
Bills,1996,0,0.06349936586986793,0.03697936507936509,0.05023936547461651
Saints,2017,0,0.043727151101869866,0.05605873015873015,0.0498929406303
Patriots,2017,0,0.03395918825054789,0.06481190476190474,0.04938554650622631
Bears,2006,0,0.051291401440055506,0.04647142857142855,0.04888141500574203
Packers,2002,0,0.0319067263925914,0.06513174603174601,0.048519236212168707
Colts,2008,0,0.04102222187302684,0.055034920634920624,0.04802857125397374
Raiders,2006,0,0.022583006959550955,0.07331031746031744,0.047946662209934196
Steelers,2001,0,0.039888275145812946,0.055747619047619025,0.04781794709671598
Bengals,2005,0,0.03582249464235099,0.05943730158730158,0.047629898114826284
Panthers,1996,0,0.04504624561964565,0.050190476190476174,0.047618360905060914
Eagles,2014,0,0.040517411532518866,0.05449047619047618,0.04750394386149752
Vikings,2003,0,0.042653679291929425,0.0522142857142857,0.04743398250310756
Packers,2003,0,0.03948483902411659,0.05533095238095237,0.04740789570253448
Cowboys,1997,0,0.02882833302570109,0.06597857142857137,0.04740345222713623
Saints,2019,0,0.041916353797717965,0.05247936507936509,0.04719785943854153
Patriots,1997,0,0.04864483654526752,0.045681746031746025,0.04716329128850677
Patriots,2006,0,0.06037212479646292,0.03333571428571429,0.046853919541088605
Texans,2019,0,0.028648275016226576,0.06451111111111109,0.04657969306366883
Eagles,2013,0,0.040194141245388004,0.05285952380952381,0.0465268325274559
Eagles,2009,0,0.03273841843111003,0.0589857142857143,0.04586206635841217
Packers,2014,0,0.04624564680654397,0.04512857142857142,0.045687109117557696
Giants,1997,0,0.06211192558137435,0.02910555555555556,0.04560874056846496
Bengals,2013,0,0.028632724245640673,0.06238015873015873,0.0455064414878997
Packers,2001,0,0.051327221032162695,0.039134920634920634,0.045231070833541664
Cardinals,2013,0,0.0418523260346948,0.04835952380952381,0.045105924922109304
49ers,2011,0,0.02974026261063789,0.060371428571428576,0.04505584559103323
Cardinals,2015,0,0.04229792926051423,0.04781031746031745,0.04505412336041584
Cowboys,2007,0,0.05378962101668916,0.03585952380952382,0.04482457241310649
Saints,2014,0,0.028758563497816136,0.06065238095238093,0.04470547222509853
Seahawks,2007,0,0.047957469881331316,0.04127619047619048,0.0446168301787609
Vikings,2004,0,0.04494647718253808,0.043119047619047605,0.044032762400792846
Chiefs,1997,0,0.053821908546300645,0.034165079365079364,0.04399349395569001
Patriots,2011,0,0.04317999579788112,0.04468253968253966,0.04393126774021039
Texans,2018,0,0.043855091495656695,0.04324920634920636,0.043552148922431526
Texans,2009,0,0.03592866237305725,0.05086428571428569,0.043396474043671474
Ravens,2003,0,0.06079318200963346,0.025522222222222217,0.04315770211592784
Steelers,1994,0,0.0654325938530328,0.020696031746031747,0.04306431279953227
Broncos,2003,0,0.02934021773548945,0.05551190476190476,0.042426061248697106
Patriots,1996,0,0.026568542124158046,0.05785476190476191,0.04221165201445998
Bengals,2015,0,0.048937867177220595,0.03533968253968253,0.042138774858451564
Saints,2016,0,0.02935127116612879,0.054919841269841244,0.04213555621798502
Buccanneers,2018,0,0.03928884881772221,0.04472063492063491,0.04200474186917856
Broncos,2005,0,0.029843422921599472,0.05396349206349206,0.041903457492545766
Dolphins,1998,0,0.0434343644909162,0.04018809523809523,0.041811229864505715
Jaguars,2007,0,0.03143469593137371,0.05193730158730158,0.04168599875933765
Vikings,2007,0,0.02988750501128601,0.05329761904761903,0.04159256202945252
Bills,1999,0,0.044389682554536014,0.03879365079365078,0.0415916666740934
Colts,2003,0,0.04026682969795725,0.041804761904761914,0.04103579580135958
Broncos,2004,0,0.026605318787989995,0.05473412698412698,0.04066972288605849
Broncos,1996,0,0.04065759840376304,0.04065873015873016,0.0406581642812466
Rams,2017,0,0.0376668951525837,0.043193650793650805,0.04043027297311726
Saints,2008,0,0.0434294445777077,0.03688095238095238,0.04015519847933004
Lions,1995,0,0.04042168405567681,0.039610317460317464,0.04001600075799713
Packers,1995,0,0.028820846816159484,0.05107539682539682,0.03994812182077816
Vikings,2018,0,0.043335897848469807,0.03650158730158729,0.039918742575028546
Chiefs,1995,0,0.04464926233113198,0.03512619047619047,0.03988772640366123
Seahawks,1999,0,0.04443382063077017,0.034945238095238106,0.03968952936300414
Vikings,2013,0,0.024149025514373035,0.05517936507936507,0.039664195296869056
Saints,2012,0,0.030892702469853095,0.047830952380952384,0.03936182742540274
Chargers,2013,0,0.037301068207699295,0.041337301587301575,0.039319184897500435
Chiefs,2014,0,0.025380389319928254,0.05321349206349206,0.03929694069171016
Cowboys,2016,0,0.03428954138111162,0.04381269841269841,0.03905111989690502
Broncos,2016,0,0.03462919996620961,0.04345079365079364,0.03903999680850163
Broncos,2014,0,0.034997455267963606,0.04303888888888889,0.03901817207842625
Eagles,2004,0,0.036900418882209296,0.04041904761904763,0.038659733250628464
Ravens,2004,0,0.04612764729033192,0.03105952380952381,0.03859358554992787
Broncos,2002,0,0.04146578384874422,0.03568015873015872,0.038572971289451474
Dolphins,2000,0,0.04511230611331751,0.031806349206349206,0.038459327659833356
Jets,1998,0,0.04919630994710822,0.027508730158730156,0.038352520052919184
Chargers,2011,0,0.028964569965935105,0.04725873015873017,0.038111650062332636
Raiders,2000,0,0.034500253496564715,0.041330158730158724,0.037915206113361716
Cowboys,2006,0,0.035810075939759156,0.0400031746031746,0.037906625271466876
Steelers,2017,0,0.03523297380794432,0.04049999999999999,0.03786648690397215
Packers,1998,0,0.03707970826140039,0.03846428571428571,0.037771996987843046
Vikings,1994,0,0.033763657268327085,0.04168412698412697,0.037723892126227024
Redskins,2012,0,0.04831982569193838,0.026415079365079357,0.03736745252850887
Packers,1994,0,0.02624537745166955,0.048249206349206354,0.03724729190043795
Colts,2001,0,0.028865705702483146,0.0450404761904762,0.03695309094647967
Bears,2005,0,0.04618179800686173,0.027360317460317456,0.036771057733589595
Lions,2014,0,0.026341815784909017,0.047160317460317465,0.03675106662261324
Vikings,2008,0,0.036882965644046695,0.03497777777777777,0.035930371710912234
Falcons,2002,0,0.025907206221506884,0.0456174603174603,0.035762333269483595
Dolphins,2002,0,0.02716790246787104,0.04434047619047618,0.03575418932917361
Chargers,1998,0,0.037718444930859296,0.03376587301587302,0.03574215897336616
Steelers,2009,0,0.04055025375924992,0.030751587301587297,0.03565092053041861
Giants,2012,0,0.029421958265242965,0.041312698412698426,0.035367328338970695
Panthers,2002,0,0.04144089655813854,0.02913015873015873,0.035285527644148634
Patriots,2009,0,0.029316216462174638,0.041198412698412706,0.03525731458029367
Redskins,1997,0,0.04290379954924706,0.027542857142857147,0.0352233283460521
Titans,2003,0,0.03206460532067956,0.03833888888888889,0.03520174710478423
Lions,2008,0,0.021994360476801256,0.048,0.03499718023840063
Bills,2013,0,0.040013269685106545,0.029739682539682535,0.03487647611239454
Giants,2010,0,0.02932699988167442,0.040199999999999986,0.0347634999408372
Saints,2000,0,0.036659098848518146,0.03247301587301587,0.03456605736076701
Saints,2015,0,0.026576363480369736,0.04239761904761903,0.034486991263994383
Vikings,2006,0,0.026931844693474094,0.04137301587301588,0.03415243028324499
Redskins,1999,0,0.03517706717282787,0.03284920634920634,0.03401313676101711
Jaguars,1997,0,0.03288018132024939,0.035079365079365085,0.03397977319980724
Patriots,2008,0,0.026767526667828112,0.04118174603174603,0.03397463634978707
Bengals,1996,0,0.038560550535894356,0.029179365079365076,0.03386995780762972
Giants,2014,0,0.027121379137157953,0.04053492063492063,0.03382814988603929
Colts,2017,0,0.027185421247420183,0.04028333333333334,0.03373437729037676
Texans,2012,0,0.024732799927817628,0.042369047619047605,0.03355092377343262
Seahawks,2003,0,0.03118455698799849,0.03564365079365079,0.03341410389082464
Steelers,2015,0,0.03598681239494039,0.030840476190476186,0.03341364429270829
Browns,1994,0,0.04616723722448601,0.02012857142857143,0.03314790432652872
Lions,2017,0,0.02450201903758542,0.041687301587301585,0.0330946603124435
Cowboys,2009,0,0.03438736423020594,0.03171904761904761,0.03305320592462678
Cardinals,2016,0,0.034058435733886006,0.03201746031746031,0.033037948025673156
Packers,2012,0,0.028284017724494404,0.037558730158730166,0.032921373941612285
Redskins,1996,0,0.03262066281713283,0.033171428571428574,0.0328960456942807
Lions,2011,0,0.027591979839667435,0.03816746031746031,0.03287972007856387
Cowboys,2017,0,0.026128094866775364,0.03950396825396825,0.03281603156037181
49ers,1996,0,0.03385787745210567,0.03155634920634921,0.03270711332922744
Falcons,2012,0,0.03983626825389619,0.025570634920634924,0.03270345158726556
Eagles,2008,0,0.02927618330497883,0.0358015873015873,0.03253888530328307
Steelers,1997,0,0.027475190815439365,0.03749920634920634,0.03248719858232285
Vikings,2019,0,0.04047753315568159,0.024399206349206337,0.03243836975244396
Giants,2008,0,0.035473859088808735,0.029357142857142852,0.0324155009729758
49ers,2017,0,0.025862922871623617,0.03892301587301587,0.032392969372319745
Giants,2016,0,0.03722852212766248,0.027515079365079367,0.03237180074637092
Jets,2003,0,0.03544869562436981,0.0292515873015873,0.03235014146297856
Eagles,2018,0,0.02389031715795842,0.040752380952380964,0.03232134905516969
Browns,2001,0,0.04142747147317105,0.022923015873015876,0.03217524367309346
49ers,2012,0,0.035998630036075174,0.02818095238095237,0.03208979120851377
Bears,1995,0,0.02643986752388805,0.03773809523809523,0.032088981380991644
Vikings,2015,0,0.02594822263760499,0.03772698412698413,0.03183760338229456
Cowboys,1998,0,0.0221741236812949,0.04115714285714285,0.031665633269218875
Jets,2011,0,0.03881743845545871,0.024469841269841267,0.03164363986264999
Patriots,2014,1,0.02687308786500464,0.036365079365079364,0.031619083615042
Texans,2015,0,0.02636646365823625,0.036813492063492055,0.03158997786086415
Dolphins,1995,0,0.026514666668328468,0.03661349206349206,0.03156407936591027
Colts,2018,0,0.02778325788112479,0.03532063492063491,0.031551946400879854
Jaguars,2006,0,0.040920145182619216,0.022124603174603172,0.031522374178611194
Steelers,1995,0,0.030107494287325287,0.03288333333333333,0.031495413810329304
Redskins,2000,0,0.048295188784912346,0.014558730158730162,0.03142695947182125
Chargers,2018,0,0.035842143448430064,0.026544444444444443,0.031193293946437252
Ravens,2018,0,0.026419172885276065,0.035830158730158726,0.031124665807717396
Eagles,2002,0,0.03429769946868744,0.027861904761904758,0.031079802115296096
Jets,2000,0,0.03824317165479785,0.023838095238095235,0.03104063344644654
Colts,2010,0,0.033290353900699565,0.02837380952380952,0.030832081712254544
49ers,2002,0,0.02345246691481251,0.038103174603174604,0.030777820758993556
Redskins,2015,0,0.025353797110141407,0.0361563492063492,0.030755073158245303
Cowboys,2014,0,0.0398566572387975,0.021627777777777777,0.030742217508287636
Giants,2002,0,0.024500587263333262,0.036607936507936506,0.030554261885634884
Redskins,2005,0,0.0389520395062074,0.02208650793650794,0.03051927372135767
Jets,2015,0,0.02561256402416523,0.03531666666666668,0.030464615345415953
Chargers,2005,0,0.036783017774802196,0.023943650793650784,0.03036333428422649
Jets,2017,0,0.02442907235042846,0.036045238095238095,0.030237155222833278
Saints,2002,0,0.02825747961629199,0.03216746031746031,0.03021246996687615
Saints,2006,0,0.03046510643893441,0.02977460317460317,0.03011985480676879
Steelers,2007,0,0.028352780415824452,0.03180238095238095,0.0300775806841027
Cowboys,1996,0,0.045578975034742286,0.014104761904761905,0.029841868469752095
Ravens,2001,0,0.029653290715797476,0.029762698412698418,0.02970799456424795
Cardinals,2000,0,0.02584534427262264,0.03341666666666666,0.029631005469644648
Bengals,1997,0,0.023839080956782555,0.03492777777777778,0.029383429367280167
Chargers,2017,0,0.026925266545093973,0.030661904761904755,0.028793585653499362
Vikings,2016,0,0.025919646242647754,0.03159920634920635,0.02875942629592705
Titans,2016,0,0.02472080108220931,0.03261587301587301,0.02866833704904116
Redskins,2016,0,0.033021836592906695,0.02407222222222222,0.028547029407564456
Jets,2019,0,0.027301175620725204,0.02920396825396825,0.028252571937346725
Saints,2010,0,0.033754154762854593,0.022550793650793648,0.02815247420682412
Rams,1998,0,0.033061843718061645,0.023124603174603173,0.02809322344633241
Bills,2009,0,0.04313012571405439,0.013038095238095236,0.028084110476074814
Panthers,2008,0,0.025659419706417275,0.030379365079365086,0.028019392392891182
Seahawks,1998,0,0.024553856990813583,0.03135555555555555,0.027954706273184568
Jaguars,1998,0,0.024696398644740936,0.031139682539682537,0.027918040592211736
Bengals,2014,0,0.025403789681691213,0.0304,0.027901894840845605
Raiders,2011,0,0.026217613635428072,0.029580952380952385,0.02789928300819023
Cardinals,2018,0,0.030083558024686652,0.025571428571428568,0.027827493298057608
Titans,2008,0,0.02817353414399293,0.027457142857142857,0.027815338500567895
Bears,2001,0,0.028887334091326156,0.02670793650793651,0.027797635299631335
Vikings,1995,0,0.02712752148697939,0.028346825396825388,0.027737173441902387
Bills,2016,0,0.023499405840180176,0.03195952380952381,0.027729464824851995
Steelers,1996,0,0.03799995627318675,0.0173436507936508,0.027671803533418776
Falcons,2018,0,0.026234152391200305,0.029020634920634912,0.02762739365591761
Raiders,2001,0,0.03189182092092713,0.023275396825396828,0.027583608873161976
Vikings,2002,0,0.02553135043814314,0.02940158730158729,0.027466468869865215
Seahawks,2014,0,0.027633942376415588,0.027056349206349195,0.02734514579138239
Rams,2019,0,0.02451501197032102,0.02986190476190476,0.02718845836611289
Cardinals,1994,0,0.037122829295054505,0.01721428571428572,0.027168557504670114
Cowboys,1999,0,0.03642784177151548,0.017853968253968254,0.027140905012741866
Packers,2006,0,0.03303120054334063,0.021123809523809517,0.027077505033575075
Dolphins,2001,0,0.026695852562834688,0.02742539682539682,0.027060624694115756
Browns,1999,0,0.021897880106095502,0.03220793650793651,0.027052908307016007
Rams,2003,0,0.03376162708467989,0.02020873015873016,0.026985178621705026
Raiders,2010,0,0.02512544074348433,0.028738095238095236,0.026931767990789782
Steelers,2000,0,0.040543605719154496,0.013284126984126983,0.02691386635164074
Jets,2002,0,0.02572539210610658,0.028005555555555554,0.026865473830831068
Chargers,2007,0,0.023882749139305326,0.02977619047619048,0.026829469807747905
Saints,1999,0,0.02184071637212015,0.0318,0.026820358186060076
Bills,1998,0,0.02457559874569326,0.02872063492063492,0.026648116833164093
Buccanneers,2004,0,0.022233560853006207,0.03096666666666667,0.02660011375983644
Eagles,2000,0,0.04408968651684497,0.009022222222222221,0.026555954369533598
Panthers,2017,0,0.02716958819367965,0.025880158730158725,0.026524873461919188
Packers,2008,0,0.025085749964035897,0.027949999999999996,0.026517874982017946
Rams,2016,0,0.03035889627546995,0.02263968253968254,0.026499289407576246
Colts,1994,0,0.021749775300710095,0.03118333333333333,0.02646655431702171
Buccanneers,2001,0,0.038516768952644,0.014370634920634921,0.02644370193663946
Vikings,1999,0,0.034624430381755666,0.01812936507936508,0.026376897730560372
Steelers,2019,0,0.03278123570667213,0.019109523809523802,0.025945379758097964
Chiefs,1999,0,0.028751547818548384,0.022834126984126984,0.025792837401337684
Bengals,2012,0,0.03640409896303287,0.015118253968253966,0.02576117646564342
Chargers,2019,0,0.026627573476934563,0.024880952380952375,0.02575426292894347
Bills,1995,0,0.03586073927006772,0.015611111111111109,0.025735925190589416
Eagles,2003,0,0.02530162760760335,0.02607936507936508,0.025690496343484213
Falcons,2010,0,0.026494034161074764,0.02488095238095238,0.02568749327101357
Colts,1999,0,0.02993925131354147,0.021400793650793653,0.025670022482167563
Raiders,2019,0,0.02307854697143963,0.02813253968253968,0.025605543326989652
Vikings,2000,0,0.031998835660106084,0.01912063492063492,0.025559735290370502
Panthers,1995,0,0.03977978876426791,0.011277777777777779,0.025528783271022842
Eagles,2015,0,0.023145716064815525,0.027870634920634917,0.025508175492725223
Bills,2003,0,0.026943612902039504,0.024063492063492068,0.025503552482765784
Falcons,2004,0,0.027205512562746392,0.02368174603174603,0.02544362929724621
Ravens,2013,0,0.02982984208655015,0.020952380952380948,0.025391111519465548
Cardinals,2017,0,0.026325233635682954,0.024387301587301586,0.02535626761149227
Eagles,2016,0,0.026440997039762548,0.024220634920634917,0.025330815980198734
Texans,2014,0,0.026413186774010833,0.02376984126984127,0.025091514021926054
Jets,2010,0,0.025240588612539527,0.024272222222222223,0.024756405417380875
Bears,2010,0,0.03115853374048727,0.018093650793650794,0.024626092267069032
Broncos,2008,0,0.026810555404538694,0.022259523809523805,0.02453503960703125
Patriots,2013,0,0.02623052683385707,0.022670634920634924,0.024450580877245998
Jaguars,1999,0,0.03207952847303186,0.01682142857142857,0.024450478522230215
Panthers,1999,0,0.026256694558890903,0.022176984126984132,0.024216839342937516
Lions,2015,0,0.02487324536274549,0.023545238095238095,0.02420924172899179
Eagles,2006,0,0.03321478783498166,0.015162698412698412,0.024188743123840038
Packers,2013,0,0.022471668899716524,0.02581269841269841,0.024142183656207468
Dolphins,2016,0,0.024247614284541363,0.0238484126984127,0.024048013491477033
Seahawks,2019,0,0.026309747354262836,0.02171428571428571,0.024012016534274275
Ravens,2009,0,0.030936402582550926,0.016916666666666663,0.023926534624608795
Chargers,2015,0,0.02377359584377381,0.023945238095238096,0.023859416969505953
Steelers,2006,0,0.023802195771974066,0.023646825396825392,0.023724510584399727
Falcons,2019,0,0.024634783843765162,0.02249920634920635,0.023566995096485757
Packers,2004,0,0.029479956018520048,0.017564285714285716,0.02352212086640288
Jaguars,2018,0,0.025457359586537054,0.021338095238095236,0.023397727412316147
Broncos,1995,0,0.026150766683582072,0.02041031746031746,0.023280542071949767
Ravens,2017,0,0.026502275559652344,0.02000952380952381,0.023255899684588077
49ers,2009,0,0.030955881195940393,0.015523015873015876,0.023239448534478135
Steelers,2014,0,0.03505244213546532,0.011413492063492063,0.023232967099478693
Buccanneers,1997,0,0.031427474285750434,0.014984126984126983,0.023205800634938708
Eagles,1995,0,0.03810109847649212,0.008294444444444446,0.023197771460468284
Broncos,2011,0,0.02730036488671217,0.019069047619047617,0.023184706252879893
Texans,2010,0,0.021902462966584713,0.02438174603174603,0.023142104499165372
Browns,2007,0,0.028262513423580105,0.017993650793650798,0.02312808210861545
Eagles,2001,0,0.030555803408132798,0.015676984126984126,0.02311639376755846
Cardinals,2009,0,0.021960307374220167,0.02426269841269841,0.023111502893459288
Vikings,2011,0,0.03636455769238123,0.009838888888888888,0.02310172329063506
Giants,2007,1,0.030184578493086867,0.016007936507936506,0.023096257500511686
Bills,2002,0,0.023130073943848584,0.023012698412698405,0.023071386178273492
Packers,2018,0,0.022349885299174366,0.02363015873015873,0.022990022014666548
Dolphins,2009,0,0.022592361064484368,0.023232539682539684,0.022912450373512028
Chiefs,2017,0,0.025324937823608562,0.020409523809523808,0.022867230816566185
Texans,2011,0,0.024854558392446546,0.020824603174603173,0.02283958078352486
Eagles,2011,0,0.023944722079507708,0.02151746031746032,0.022731091198484016
Falcons,2001,0,0.022901736890665436,0.02247222222222222,0.022686979556443828
Panthers,2019,0,0.02532096600199496,0.020042063492063493,0.022681514747029227
Dolphins,1994,0,0.023555778346758816,0.0215531746031746,0.02255447647496671
Buccanneers,2016,0,0.024093262784458114,0.02093333333333334,0.022513298058895726
Colts,2019,0,0.022309644011887286,0.022688888888888883,0.022499266450388085
Seahawks,2016,0,0.03348306743020668,0.01150079365079365,0.022491930540500166
Cowboys,2008,0,0.030848577920695064,0.014125396825396827,0.022486987373045945
Panthers,2012,0,0.02383084566691185,0.021034920634920636,0.022432883150916242
Rams,2004,0,0.022983963019912124,0.021821428571428565,0.022402695795670342
Chargers,2016,0,0.02266414681740525,0.022103174603174604,0.022383660710289927
Bills,2015,0,0.022646845873021904,0.021987301587301587,0.022317073730161743
Giants,2005,0,0.02860934831546147,0.015730158730158733,0.0221697535228101
Falcons,1999,0,0.02506239115668607,0.01922063492063492,0.022141513038660493
Panthers,2006,0,0.025158096448559375,0.01901825396825397,0.022088175208406672
Bills,2017,0,0.029836125687907056,0.014279365079365081,0.022057745383636067
Bills,2014,0,0.030302455858892352,0.013810317460317462,0.022056386659604906
Titans,2009,0,0.023957204787271702,0.019662698412698413,0.021809951599985056
Packers,2019,0,0.023679186929007945,0.01938492063492063,0.021532053781964287
Redskins,2014,0,0.03115838503866275,0.0118515873015873,0.021504986170125025
Giants,2000,0,0.024442971493251364,0.018355555555555556,0.02139926352440346
Chiefs,2016,0,0.02255026342448485,0.02017619047619048,0.021363226950337665
Titans,2017,0,0.023684596847373784,0.018967460317460317,0.02132602858241705
Raiders,1995,0,0.03153059450470774,0.0109,0.02121529725235387
Titans,2018,0,0.024447643793099716,0.01793492063492063,0.021191282214010173
Dolphins,2004,0,0.0259313515578119,0.016333333333333335,0.02113234244557262
Raiders,2016,0,0.02112514243557695,0.021114285714285714,0.02111971407493133
Bengals,2007,0,0.025043308422357247,0.017140476190476192,0.02109189230641672
Chargers,1999,0,0.024371041755490985,0.017603174603174603,0.020987108179332796
Jaguars,2010,0,0.022290920773989975,0.01958888888888889,0.020939904831439433
Redskins,2019,0,0.02556968863986031,0.016307142857142857,0.020938415748501582
Vikings,2012,0,0.025961536986647493,0.015805555555555552,0.020883546271101523
Lions,2019,0,0.025137334848570947,0.016588888888888893,0.020863111868729918
Colts,2000,0,0.023305456971859706,0.01837936507936508,0.020842411025612392
Titans,1999,0,0.022138229063449755,0.019506349206349208,0.02082228913489948
Buccanneers,1994,0,0.021859859667043846,0.019538888888888887,0.020699374277966365
Packers,2005,0,0.023672376670940465,0.017685714285714284,0.020679045478327374
Panthers,2000,0,0.024141061097784244,0.017184920634920633,0.02066299086635244
Ravens,2011,0,0.028034438813844376,0.013099999999999997,0.020567219406922188
Chiefs,2015,0,0.024232300887106262,0.01674444444444444,0.02048837266577535
Lions,1997,0,0.030174807521848535,0.01079047619047619,0.020482641856162363
Bears,2014,0,0.02333492168830964,0.017380158730158725,0.020357540209234182
Bears,2011,0,0.022949197566002666,0.017696031746031748,0.02032261465601721
Lions,2000,0,0.036623667276030836,0.0037111111111111108,0.020167389193570973
Buccanneers,2003,0,0.024977042152626416,0.015308730158730159,0.02014288615567829
Steelers,2002,0,0.026800912030600865,0.013415079365079366,0.020107995697840116
Saints,1997,0,0.03267914709580244,0.007377777777777778,0.020028462436790108
49ers,2003,0,0.02469196829034448,0.015303174603174603,0.01999757144675954
Lions,1999,0,0.030135412167482944,0.009761111111111113,0.019948261639297027
Dolphins,2005,0,0.033788325195943214,0.006057142857142858,0.019922734026543036
Buccanneers,2012,0,0.023450494528736154,0.016325396825396826,0.01988794567706649
Patriots,1994,0,0.021860018608838572,0.017883333333333334,0.019871675971085953
Falcons,2015,0,0.022859989100978084,0.016733333333333333,0.01979666121715571
Falcons,2011,0,0.02413046173217026,0.015436507936507936,0.0197834848343391
Bears,1994,0,0.023912583017205558,0.01561904761904762,0.019765815318126587
Cardinals,2008,0,0.022520962117583587,0.01693174603174603,0.01972635407466481
Titans,1995,0,0.02489663279242127,0.014349999999999998,0.019623316396210636
Titans,1996,0,0.023852884669285257,0.01531031746031746,0.01958160106480136
Dolphins,2008,0,0.021902654482375605,0.017213492063492063,0.019558073272933834
Ravens,2010,0,0.02166313600637182,0.017438095238095235,0.01955061562223353
Cardinals,2007,0,0.027117866095158427,0.011854761904761904,0.019486313999960165
Rams,2012,0,0.024569130633417036,0.014346825396825396,0.019457978015121218
Texans,2008,0,0.028988113185449138,0.009901587301587304,0.01944485024351822
Chargers,1994,0,0.023727045163050353,0.015093650793650795,0.019410347978350576
Raiders,1999,0,0.022712459140094787,0.016079365079365082,0.019395912109729935
Packers,2000,0,0.02295919387035561,0.01582222222222222,0.019390708046288917
Broncos,2018,0,0.023930830636548772,0.01481190476190476,0.019371367699226767
Ravens,2007,0,0.02292004258972058,0.015401587301587303,0.019160814945653942
Giants,2015,0,0.02149429519231605,0.01672222222222222,0.019108258707269135
Colts,2015,0,0.02387517685556073,0.014305555555555554,0.019090366205558144
Panthers,2018,0,0.022479012062686543,0.01569603174603175,0.019087521904359146
Saints,1998,0,0.02200023813287466,0.01609920634920635,0.019049722241040505
Colts,2016,0,0.023378092636345826,0.014600000000000002,0.018989046318172914
49ers,2018,0,0.02650104468910397,0.01141031746031746,0.018955681074710715
Buccanneers,2005,0,0.025524135419379146,0.01231825396825397,0.01892119469381656
Dolphins,2012,0,0.0251382281918352,0.012516666666666666,0.01882744742925093
Jets,2012,0,0.02483427616182765,0.012705555555555553,0.018769915858691602
Saints,2003,0,0.020976139016406936,0.016488888888888886,0.01873251395264791
Falcons,2000,0,0.02274841267885208,0.01469920634920635,0.018723809514029216
Panthers,1998,0,0.02304426723857611,0.014388888888888887,0.0187165780637325
49ers,2013,0,0.022915909137457113,0.014354761904761903,0.01863533552110951
Redskins,2004,0,0.026933969726519402,0.010306349206349204,0.018620159466434305
Panthers,2004,0,0.024206086383514402,0.012938888888888889,0.018572487636201646
Giants,2019,0,0.023578895002063893,0.013489682539682541,0.018534288770873215
Bengals,2004,0,0.02397942525327723,0.012714285714285716,0.018346855483781475
Cardinals,2014,0,0.021354596584408858,0.015329365079365082,0.01834198083188697
Cardinals,1995,0,0.023572301727330047,0.013077777777777777,0.018325039752553913
Chiefs,2010,0,0.021298050821033532,0.01513730158730159,0.01821767620416756
Bengals,2011,0,0.023940664521418076,0.012489682539682538,0.018215173530550306
Dolphins,2003,0,0.025614762084312792,0.0108015873015873,0.018208174692950045
Bengals,1995,0,0.022950555208293366,0.01333809523809524,0.018144325223194303
Jaguars,2019,0,0.024290290640349155,0.011933333333333334,0.018111811986841246
Bengals,2010,0,0.023180337154298236,0.012907142857142858,0.018043740005720548
Jets,2018,0,0.026117033688474733,0.009757936507936507,0.01793748509820562
Browns,2019,0,0.025133434175881986,0.01071904761904762,0.017926240897464803
49ers,1999,0,0.022521943942773848,0.01330714285714286,0.017914543399958353
Bears,2008,0,0.022230002181147457,0.013585714285714288,0.01790785823343087
Chiefs,1998,0,0.02121827858217773,0.014538095238095235,0.017878186910136484
Lions,2012,0,0.021764115994914568,0.013874603174603175,0.017819359584758873
Ravens,2016,0,0.021554687225093683,0.014076984126984125,0.017815835676038904
Browns,2013,0,0.022412555101557485,0.013216666666666666,0.017814610884112077
Eagles,1999,0,0.02368401569922929,0.011913492063492065,0.017798753881360676
Cowboys,2013,0,0.02432456977574271,0.011258730158730159,0.017791649967236436
Jaguars,2005,0,0.02094122507340157,0.014611111111111113,0.017776168092256343
Lions,2016,0,0.022034124305786218,0.013508730158730158,0.017771427232258188
Lions,2013,0,0.021412416890222108,0.014102380952380955,0.017757398921301532
Packers,2016,0,0.022754909563118653,0.012687301587301589,0.01772110557521012
Giants,2018,0,0.022861442536782017,0.01246666666666667,0.017664054601724342
Jets,1995,0,0.023625361059706362,0.011685714285714287,0.017655537672710324
Seahawks,2002,0,0.0231975521445561,0.011913492063492065,0.01755552210402408
Giants,1998,0,0.030293281261974947,0.00469920634920635,0.017496243805590648
Jets,1999,0,0.03229779211419137,0.0025777777777777774,0.017437784945984573
Jets,2004,0,0.023307451203828933,0.011538888888888888,0.01742317004635891
49ers,2001,0,0.022307226410918424,0.012484126984126986,0.017395676697522705
Panthers,2016,0,0.023157029750190072,0.01158809523809524,0.017372562494142655
Bills,1997,0,0.030390633922250165,0.004,0.017195316961125084
Saints,2007,0,0.021588701666397037,0.012737301587301589,0.017163001626849313
Jaguars,2001,0,0.02908459693693255,0.005155555555555556,0.01712007624624405
Colts,2012,0,0.02333253328240603,0.010870634920634918,0.017101584101520476
Titans,1994,0,0.02577704719412177,0.008422222222222223,0.017099634708171996
Lions,2007,0,0.02397624330957382,0.010104761904761906,0.017040502607167864
Rams,2002,0,0.026043858040716628,0.007985714285714285,0.017014786163215456
Browns,2002,0,0.020668687627766524,0.01335238095238095,0.017010534290073737
Seahawks,2017,0,0.020478484233775185,0.013399206349206348,0.016938845291490767
Raiders,2017,0,0.023673317514906644,0.00988809523809524,0.01678070637650094
Bills,2008,0,0.026252734896746177,0.007227777777777778,0.016740256337261977
Chargers,2014,0,0.02144461244396889,0.01202857142857143,0.01673659193627016
Titans,2013,0,0.026192047076101566,0.007266666666666667,0.016729356871384115
Broncos,2017,0,0.022835880027706756,0.010550793650793651,0.016693336839250204
Colts,1995,0,0.02407634699715977,0.009250793650793652,0.01666357032397671
Browns,2003,0,0.028606494886989964,0.004600000000000001,0.016603247443494982
Dolphins,2014,0,0.02529068766603737,0.00791111111111111,0.01660089938857424
Browns,2014,0,0.021658787769381238,0.011532539682539684,0.016595663725960462
Texans,2004,0,0.020593713237439526,0.012503968253968253,0.01654884074570389
Bills,2012,0,0.02602961009743532,0.006916666666666667,0.016473138382050993
Jets,2001,0,0.026547847717073747,0.00636904761904762,0.016458447668060684
Giants,1994,0,0.023461599289461676,0.00944126984126984,0.01645143456536576
Buccanneers,1996,0,0.021844932368082493,0.011027777777777777,0.016436355072930134
Browns,2012,0,0.022467931863910495,0.010361111111111114,0.016414521487510804
Dolphins,2019,0,0.020840356940315163,0.011959523809523809,0.016399940374919486
Panthers,2009,0,0.023521134203186245,0.009244444444444444,0.016382789323815344
Falcons,2009,0,0.021414105362493885,0.011304761904761908,0.016359433633627896
Bears,2004,0,0.022917410787607784,0.009738095238095237,0.016327753012851512
Colts,2011,0,0.021598402505586534,0.0110515873015873,0.016324994903586916
Seahawks,1995,0,0.02256019919802421,0.010042063492063491,0.01630113134504385
Bears,2015,0,0.0239144428327831,0.008666666666666668,0.016290554749724885
Bears,2000,0,0.02460479140534977,0.007968253968253968,0.01628652268680187
Giants,2003,0,0.023656494981958986,0.008878571428571427,0.01626753320526521
Falcons,2013,0,0.022205813669059493,0.01029047619047619,0.01624814492976784
Texans,2007,0,0.028177080524594222,0.004266666666666667,0.016221873595630446
Colts,1998,0,0.020944374512002484,0.011446825396825398,0.016195599954413942
Cowboys,2010,0,0.021777812481472703,0.010582539682539683,0.01618017608200619
Titans,2012,0,0.021869504150557773,0.01029920634920635,0.01608435524988206
Buccanneers,2015,0,0.023728331610401776,0.008433333333333336,0.016080832471867555
Cowboys,2000,0,0.024029423797387373,0.00808015873015873,0.01605479126377305
Dolphins,1996,0,0.022278795038484733,0.009657142857142859,0.015967968947813795
Dolphins,2011,0,0.024828655255650145,0.007096825396825397,0.015962740326237772
Cardinals,1997,0,0.02346491013768459,0.008433333333333334,0.015949121735508963
Buccanneers,2007,0,0.023148106303005567,0.008736507936507938,0.015942307119756752
Eagles,2019,0,0.0230465438848384,0.008823015873015873,0.015934779878927136
Jets,2005,0,0.023633160936013642,0.008206349206349205,0.015919755071181423
Falcons,1994,0,0.022069453146517204,0.00965,0.0158597265732586
Redskins,2018,0,0.022588614887772418,0.009116666666666667,0.015852640777219543
49ers,2005,0,0.022232824787822403,0.00942777777777778,0.01583030128280009
Buccanneers,2013,0,0.023225805575808,0.00838809523809524,0.01580695040695162
Raiders,2012,0,0.022628888135283187,0.008933333333333333,0.01578111073430826
Buccanneers,2017,0,0.021540187713189662,0.009983333333333334,0.015761760523261496
Jaguars,2013,0,0.024472880448126233,0.007044444444444445,0.015758662446285338
49ers,2000,0,0.021420523278567583,0.010091269841269842,0.015755896559918714
Dolphins,2015,0,0.021261715665511494,0.010238095238095237,0.015749905451803367
Packers,2015,0,0.024581230012869937,0.006846825396825396,0.015714027704847665
Raiders,2008,0,0.021290344285261553,0.010133333333333334,0.015711838809297444
Chargers,2000,0,0.02374995525174528,0.007624603174603175,0.015687279213174227
Raiders,1998,0,0.0241353346855272,0.007235714285714286,0.015685524485620744
Saints,1996,0,0.022906859820073233,0.008450793650793651,0.015678826735433443
Giants,2001,0,0.022078632448179758,0.009271428571428571,0.015675030509804164
49ers,2016,0,0.022056698902646166,0.00925,0.015653349451323084
Raiders,2009,0,0.023808414852625637,0.0074666666666666675,0.015637540759646153
Giants,2004,0,0.02327431430565363,0.007988095238095239,0.015631204771874435
Jaguars,2003,0,0.023721136755285532,0.007538095238095239,0.015629615996690386
Bills,2000,0,0.02306899436591625,0.0081,0.015584497182958125
Buccanneers,1998,0,0.028802294716761323,0.0023444444444444446,0.015573369580602884
Cardinals,2011,0,0.021478655045616746,0.009644444444444445,0.015561549745030595
Dolphins,1997,0,0.021558804909806106,0.009535714285714285,0.015547259597760196
Jaguars,2009,0,0.02332956969928457,0.00776111111111111,0.01554534040519784
Saints,2005,0,0.021953307386776588,0.009055555555555556,0.015504431471166072
Titans,1997,0,0.020853765160077087,0.010092857142857141,0.015473311151467113
Raiders,1994,0,0.022042816037120216,0.008816666666666667,0.015429741351893442
Cardinals,2019,0,0.02132818776781442,0.009517460317460317,0.01542282404263737
Rams,2006,0,0.022145947260895582,0.008615079365079365,0.015380513312987475
Broncos,2019,0,0.022262701378028993,0.008469047619047623,0.015365874498538308
Dolphins,2018,0,0.022596954321168594,0.008088888888888889,0.015342921605028741
Jets,2013,0,0.02260352659850806,0.007976984126984128,0.015290255362746094
Eagles,2005,0,0.024168259555243488,0.006383333333333334,0.015275796444288411
Jaguars,1996,0,0.02397868399237757,0.006567460317460318,0.015273072154918944
Cardinals,2005,0,0.021548878072338296,0.00881904761904762,0.015183962845692959
Jaguars,2016,0,0.022355761423004217,0.008007936507936509,0.015181848965470363
Redskins,2002,0,0.02330597598477191,0.007,0.015152987992385954
Falcons,2014,0,0.020986230614182366,0.009296825396825397,0.015141528005503882
Falcons,2006,0,0.021649085080319153,0.00854920634920635,0.01509914571476275
Chiefs,2000,0,0.020877440087106125,0.00921190476190476,0.015044672424505443
Rams,2015,0,0.022264553586151092,0.00781904761904762,0.015041800602599357
Seahawks,2000,0,0.024654328521128144,0.005411111111111111,0.015032719816119627
Packers,1999,0,0.02324720703298,0.006727777777777778,0.014987492405378888
Vikings,2001,0,0.02341635910285811,0.00645,0.014933179551429055
Titans,2010,0,0.02087851027195109,0.008654761904761905,0.014766636088356497
Lions,1994,0,0.022677905166984647,0.006791269841269841,0.014734587504127244
Raiders,1997,0,0.021569023645721774,0.007815079365079367,0.01469205150540057
Bengals,2001,0,0.022013162358874072,0.007260317460317459,0.014636739909595766
Bengals,2002,0,0.02285061289454926,0.006352380952380953,0.014601496923465107
Eagles,2010,0,0.021630661605960055,0.007502380952380952,0.014566521279170503
Jaguars,2011,0,0.021238845841950127,0.00789047619047619,0.014564661016213159
Bears,2019,0,0.025384527291488213,0.0036507936507936506,0.014517660471140932
Bears,2007,0,0.02135171398145186,0.007646031746031746,0.014498872863741803
Jets,2016,0,0.021963376517759037,0.006999999999999999,0.014481688258879518
Redskins,2008,0,0.02386890419592802,0.0050936507936507934,0.014481277494789406
Chiefs,2012,0,0.020072733837296797,0.008853174603174602,0.0144629542202357
Browns,2016,0,0.022207324316983468,0.006626190476190476,0.014416757396586972
Redskins,2010,0,0.021032666895860808,0.007794444444444445,0.014413555670152626
Jaguars,2015,0,0.02083166710736295,0.007952380952380952,0.014392024029871952
Falcons,2017,0,0.022741472050173517,0.006031746031746032,0.014386609040959775
Browns,2018,0,0.021144037084888656,0.007548412698412698,0.014346224891650678
Bengals,2018,0,0.02179558268834214,0.006891269841269841,0.01434342626480599
Falcons,2005,0,0.02148547927936606,0.00719126984126984,0.01433837456031795
Steelers,2016,0,0.021272268971886055,0.00739047619047619,0.014331372581181123
Texans,2013,0,0.023510502523800603,0.0051444444444444445,0.014327473484122524
Jaguars,2000,0,0.02158291108606225,0.007057142857142857,0.014320026971602555
Chargers,2002,0,0.021144510658249405,0.007480158730158728,0.014312334694204067
Seahawks,2004,0,0.022805436943892254,0.005794444444444445,0.01429994069416835
Steelers,2012,0,0.02075694712670695,0.0077857142857142856,0.014271330706210617
Bills,2011,0,0.02312565060969085,0.005416666666666666,0.014271158638178759
Raiders,2003,0,0.020444494285323467,0.007984126984126986,0.014214310634725226
Falcons,1995,0,0.0210782981281058,0.007307142857142857,0.014192720492624327
Chargers,2001,0,0.024241521008481426,0.004133333333333333,0.01418742717090738
Titans,2007,0,0.021159270382548723,0.007188888888888889,0.014174079635718807
Ravens,2015,0,0.022553032646318583,0.0057793650793650795,0.01416619886284183
Cardinals,2012,0,0.023113135774821547,0.005202380952380951,0.01415775836360125
Cardinals,2010,0,0.021034630611675764,0.007202380952380952,0.014118505782028359
Rams,2005,0,0.02210637993546094,0.006102380952380952,0.014104380443920947
Broncos,1999,0,0.01990551120192985,0.00824920634920635,0.0140773587755681
Chargers,2012,0,0.02130196000176221,0.0068365079365079375,0.014069233969135075
Bills,2019,0,0.02581058315948026,0.0023047619047619045,0.014057672532121082
Browns,2011,0,0.02271273118758299,0.0054,0.014056365593791496
Falcons,2003,0,0.02138146077794756,0.006677777777777778,0.014029619277862669
Broncos,1994,0,0.02044313071124726,0.0076055555555555555,0.014024343133401408
Rams,2008,0,0.02281373014366539,0.005188888888888889,0.014001309516277139
Bengals,2019,0,0.02627149496628789,0.0016944444444444442,0.013982969705366166
Titans,2004,0,0.022632670473632266,0.005311904761904762,0.013972287617768513
Eagles,1998,0,0.023526376252908654,0.004350793650793651,0.013938584951851152
Giants,1996,0,0.02344243521665168,0.004429365079365079,0.01393590014800838
Raiders,2004,0,0.022604285146189285,0.005252380952380954,0.013928333049285119
Dolphins,1999,0,0.02110541095075469,0.006715873015873016,0.013910641983313852
Chargers,1996,0,0.021191751202874753,0.006546825396825396,0.013869288299850076
Bengals,2000,0,0.02163584996725121,0.006088888888888889,0.01386236942807005
Raiders,2015,0,0.020777204881263778,0.006919047619047618,0.013848126250155697
Rams,1996,0,0.023303517396825346,0.004388888888888889,0.013846203142857118
Texans,2002,0,0.020879279655603322,0.006679365079365079,0.013779322367484201
Colts,2002,0,0.020514754980735406,0.007,0.013757377490367702
Rams,2011,0,0.021090985590548117,0.006388888888888889,0.013739937239718503
Browns,2000,0,0.020399877327795246,0.007066666666666667,0.013733271997230956
Panthers,1997,0,0.020227136281340208,0.007235714285714285,0.013731425283527247
Texans,2016,0,0.020961770657893508,0.006494444444444444,0.013728107551168977
Chiefs,2001,0,0.020296734033896646,0.007155555555555556,0.0137261447947261
Titans,2006,0,0.020055871209652465,0.007322222222222223,0.013689046715937344
Texans,2017,0,0.021070018405495716,0.006247619047619049,0.013658818726557383
Jets,2006,0,0.02065951687151002,0.006616666666666668,0.013638091769088343
Dolphins,2017,0,0.02195009333637754,0.005282539682539682,0.01361631650945861
Dolphins,2007,0,0.02209582795086773,0.005055555555555555,0.013575691753211643
Eagles,1996,0,0.021969643722283272,0.005133333333333333,0.013551488527808303
Cowboys,2015,0,0.022778477800440178,0.004277777777777778,0.013528127789108977
Jets,1996,0,0.022428172381098954,0.004583333333333333,0.013505752857216145
Bengals,2003,0,0.022208506411402595,0.00477936507936508,0.013493935745383838
Cowboys,2018,0,0.02148366446132699,0.0054571428571428575,0.013470403659234924
Buccanneers,2010,0,0.020536857983734946,0.0064,0.013468428991867473
Lions,2003,0,0.02099861295326022,0.00588888888888889,0.013443750921074554
Broncos,2007,0,0.02130222331188425,0.005522222222222221,0.013412222767053235
Browns,2010,0,0.022101527273962418,0.004690476190476191,0.013396001732219304
Bills,1994,0,0.020867374900941593,0.005822222222222222,0.013344798561581907
Rams,2014,0,0.021168232481310834,0.005416666666666666,0.01329244957398875
Titans,2011,0,0.023543577516733194,0.003038095238095238,0.013290836377414217
Jaguars,2002,0,0.02153864786699078,0.005037301587301588,0.013287974727146183
Jets,2008,0,0.020251432620099652,0.006295238095238095,0.013273335357668874
Titans,2001,0,0.02173862387085701,0.004788888888888889,0.01326375637987295
Titans,2002,0,0.021653028126457752,0.004872222222222223,0.013262625174339987
Lions,2002,0,0.022960245081793618,0.00353015873015873,0.013245201905976174
Eagles,2007,0,0.023122151027525573,0.0033611111111111107,0.013241631069318341
Seahawks,2011,0,0.02238670246567631,0.004079365079365079,0.013233033772520695
Bengals,1999,0,0.022407427810191338,0.003926984126984127,0.013167205968587732
Rams,1995,0,0.019919985724187628,0.006366666666666666,0.013143326195427147
Dolphins,2006,0,0.020865343827277782,0.005360317460317461,0.013112830643797622
Saints,2004,0,0.020285194833131848,0.005932539682539682,0.013108867257835765
Bears,2016,0,0.02225610364554742,0.003927777777777778,0.0130919407116626
Patriots,2002,0,0.022351744279938357,0.0038190476190476186,0.013085395949492987
Eagles,1994,0,0.021465156476504266,0.004685714285714286,0.013075435381109276
Giants,2017,0,0.021624324535775785,0.004513492063492063,0.013068908299633924
Seahawks,1997,0,0.021463167804804284,0.004607936507936508,0.013035552156370396
Bills,2007,0,0.021270689901203066,0.004796825396825396,0.013033757649014231
Saints,1994,0,0.021495618263381866,0.004555555555555557,0.013025586909468711
Chiefs,1994,0,0.020453161573562362,0.005557142857142858,0.01300515221535261
Redskins,2001,0,0.021745587449058634,0.004196825396825397,0.012971206422942015
Redskins,2013,0,0.02182697982594195,0.0041111111111111105,0.01296904546852653
Broncos,2001,0,0.02050824762807124,0.005427777777777777,0.01296801270292451
Bills,2005,0,0.02471957839437333,0.0012,0.012959789197186666
Buccanneers,2006,0,0.02368765690252128,0.0022,0.012943828451260641
Patriots,1999,0,0.02040754235194897,0.0054380952380952375,0.012922818795022105
Redskins,2007,0,0.02129630032763208,0.004533333333333333,0.012914816830482706
Ravens,1996,0,0.020059130474214037,0.005662698412698412,0.012860914443456224
Giants,2009,0,0.021820180930128052,0.0038857142857142857,0.012852947607921168
Dolphins,2013,0,0.020615228702148602,0.00507936507936508,0.012847296890756841
Cowboys,2012,0,0.02019339793700281,0.005471428571428572,0.012832413254215691
Cowboys,2011,0,0.0217343268116732,0.0038888888888888888,0.012811607850281044
Browns,2017,0,0.02206650339154126,0.003488888888888889,0.012777696140215074
Broncos,2006,0,0.02288652308001682,0.0026444444444444445,0.012765483762230632
Seahawks,1996,0,0.020403845576756785,0.005102380952380953,0.012753113264568868
Buccanneers,2011,0,0.02150708883816188,0.0039833333333333335,0.012745211085747606
Steelers,2013,0,0.019867492082822125,0.005619047619047619,0.012743269850934873
Raiders,2007,0,0.021691450580885174,0.003765873015873016,0.012728661798379094
Chargers,2003,0,0.019911287718730408,0.005533333333333334,0.012722310526031871
Bengals,2006,0,0.02179262192707554,0.003640476190476191,0.012716549058775865
Buccanneers,2009,0,0.024402302450088897,0.001,0.01270115122504445
Colts,1996,0,0.021939371841049438,0.003438095238095238,0.012688733539572337
Seahawks,2009,0,0.020344286527034905,0.005022222222222222,0.012683254374628564
Bills,2006,0,0.019781187514486986,0.005538888888888888,0.012660038201687937
Lions,1998,0,0.021240839631059605,0.004007936507936508,0.012624388069498057
Redskins,2017,0,0.0233641495552962,0.0018690476190476191,0.012616598587171908
Patriots,1998,0,0.022698450652012703,0.0024825396825396825,0.012590495167276193
Titans,2005,0,0.022374086698353057,0.0027833333333333334,0.012578710015843195
Raiders,2018,0,0.020609891826123827,0.0044333333333333325,0.012521612579728579
Bills,2010,0,0.0199161688296543,0.0051222222222222225,0.012519195525938262
Panthers,2014,0,0.020130958811342414,0.00488015873015873,0.012505558770750573
Jets,1997,0,0.022715165386992586,0.002261111111111111,0.012488138249051848
Raiders,2005,0,0.021051580375262113,0.0038888888888888888,0.012470234632075501
Bears,1997,0,0.020645442854203777,0.004285714285714286,0.012465578569959031
Seahawks,1994,0,0.023695490648087958,0.0012333333333333335,0.012464411990710645
Raiders,1996,0,0.020494379234919924,0.004355555555555556,0.01242496739523774
Chiefs,2007,0,0.020746231834415485,0.004019047619047619,0.012382639726731553
Bears,1999,0,0.02097196170893978,0.0036746031746031746,0.012323282441771477
Bengals,1998,0,0.02035243156879807,0.004272222222222222,0.012312326895510145
Texans,2005,0,0.023520930153030806,0.0010666666666666667,0.012293798409848736
Patriots,2005,0,0.02028082760893113,0.0042833333333333334,0.012282080471132231
Lions,2010,0,0.02016255866219896,0.00435,0.01225627933109948
Cowboys,2001,0,0.022137091968092215,0.002371428571428571,0.012254260269760394
Broncos,2010,0,0.020011337510082106,0.004352380952380952,0.012181859231231528
Bengals,2016,0,0.022254603890866642,0.0020777777777777773,0.012166190834322209
Steelers,1998,0,0.02109636994293529,0.003233333333333333,0.01216485163813431
Ravens,2005,0,0.020630404420836634,0.003638888888888889,0.012134646654862762
Lions,2018,0,0.020515892376976708,0.0037333333333333337,0.012124612855155021
Cardinals,1998,0,0.019980343558148927,0.004233333333333334,0.01210683844574113
49ers,2014,0,0.02084292522452258,0.003361111111111111,0.012102018167816845
Cardinals,2006,0,0.020832998307001915,0.0033611111111111116,0.012097054709056514
Jaguars,2014,0,0.02143668039266078,0.002752380952380952,0.012094530672520865
Rams,1997,0,0.021059945355030196,0.00311984126984127,0.012089893312435733
Chargers,1997,0,0.020245505908157546,0.003916666666666667,0.012081086287412106
Giants,2013,0,0.020887461744616864,0.003257936507936508,0.012072699126276686
Chiefs,2011,0,0.020598084743393197,0.0033190476190476186,0.011958566181220407
Browns,2008,0,0.021543405426884155,0.0023666666666666662,0.01195503604677541
Vikings,2005,0,0.020398065213711014,0.003507936507936508,0.011953000860823761
Redskins,1998,0,0.020533982558660013,0.0033301587301587305,0.011932070644409373
Saints,2001,0,0.021080274129075316,0.002765873015873016,0.011923073572474166
Bengals,2017,0,0.020447452109855435,0.00336031746031746,0.011903884785086447
Redskins,1994,0,0.0206829457736033,0.003077777777777778,0.011880361775690539
Giants,2006,0,0.019941010252790048,0.0037777777777777775,0.011859394015283912
Ravens,2002,0,0.02278974063856798,9.222222222222223e-4,0.011855981430395101
Raiders,2014,0,0.020040380654659185,0.0036666666666666666,0.011853523660662925
Steelers,1999,0,0.02094432037974925,0.0027523809523809523,0.0118483506660651
Cardinals,2003,0,0.020996306415146715,0.0026944444444444446,0.01184537542979558
Colts,2013,0,0.020780664132025062,0.0029,0.01184033206601253
Cowboys,2002,0,0.020371700194368625,0.003219047619047619,0.011795373906708121
Rams,2007,0,0.021201659744923607,0.0023555555555555556,0.011778607650239581
Seahawks,2008,0,0.02082603466570354,0.0026666666666666666,0.011746350666185104
Panthers,2003,0,0.020403047246075,0.003088888888888889,0.011745968067481944
Buccanneers,2014,0,0.01995195052295784,0.00353015873015873,0.011741054626558285
Jaguars,2004,0,0.02074321311699101,0.0026666666666666666,0.01170493989182884
Buccanneers,2008,0,0.020225421872386296,0.0031611111111111115,0.011693266491748703
Eagles,1997,0,0.020600723009535526,0.0027357142857142853,0.011668218647624906
Giants,1995,0,0.020400652160317057,0.0028944444444444447,0.011647548302380751
Eagles,2012,0,0.020671995490015083,0.002616666666666667,0.011644331078340875
Panthers,2001,0,0.02109386267422042,0.0021746031746031746,0.011634232924411798
Vikings,1996,0,0.020827026280513472,0.002435714285714286,0.011631370283113878
Browns,1995,0,0.020951319234990717,0.002265873015873016,0.011608596125431867
Patriots,1995,0,0.02179295302149864,0.0013333333333333333,0.011563143177415986
Vikings,2010,0,0.019788851914054995,0.0033333333333333335,0.011561092623694164
Lions,2004,0,0.020183881275307014,0.002888888888888889,0.011536385082097951
Buccanneers,1995,0,0.02163651496046648,0.0014158730158730158,0.011526193988169748
Jaguars,2012,0,0.020754950804075634,0.0022380952380952382,0.011496523021085435
Cardinals,1999,0,0.020644072838349237,0.0022666666666666664,0.011455369752507952
Bears,2017,0,0.020310705590420586,0.0026,0.011455352795210292
Redskins,2009,0,0.021102541684347886,0.001738888888888889,0.011420715286618388
Redskins,2006,0,0.020238487563799645,0.0025714285714285713,0.011404958067614109
Rams,1994,0,0.021261550320482048,0.0014722222222222224,0.011366886271352135
Giants,1999,0,0.020251833248720263,0.0024333333333333334,0.011342583291026798
Cowboys,2004,0,0.021893649306410023,7.333333333333333e-4,0.011313491319871678
Titans,2014,0,0.02034806513467291,0.0022380952380952382,0.011293080186384074
Browns,2005,0,0.021706043123226215,8.333333333333333e-4,0.011269688228279773
Jets,2014,0,0.021104872092673865,0.0014166666666666666,0.011260769379670266
Jets,2007,0,0.02050184183010184,0.002011111111111111,0.011256476470606475
49ers,2008,0,0.02041287482335663,0.0020555555555555553,0.011234215189456092
49ers,2015,0,0.01991930527574981,0.0025357142857142857,0.011227509780732049
Colts,1997,0,0.021390941395259544,9.555555555555556e-4,0.01117324847540755
Dolphins,2010,0,0.020035056352440517,0.0022857142857142855,0.011160385319077402
Patriots,2000,0,0.020314931314802,0.002,0.011157465657401
Browns,2004,0,0.02075088545753956,0.0015,0.01112544272876978
Seahawks,2006,0,0.0204105358268023,0.001811111111111111,0.011110823468956706
Bills,2001,0,0.020623957454342423,0.0015968253968253968,0.011110391425583909
49ers,2007,0,0.020214222230256595,0.002,0.011107111115128299
Cardinals,2004,0,0.019986115876981514,0.0021666666666666666,0.01107639127182409
Chiefs,2008,0,0.021893180071564045,2.5e-4,0.011071590035782022
Titans,1998,0,0.02000624119564809,0.0020952380952380953,0.011050739645443092
Lions,1996,0,0.021018920282437348,0.0010793650793650793,0.011049142680901214
Ravens,1998,0,0.02030425144378667,0.0017777777777777776,0.011041014610782223
Chiefs,2006,0,0.02052149274468751,0.0015555555555555553,0.011038524150121532
Ravens,1997,0,0.020149245969744656,0.0018444444444444446,0.01099684520709455
Broncos,2009,0,0.020076482870487578,0.0018888888888888887,0.010982685879688233
Lions,2009,0,0.020379316474486986,0.0015857142857142858,0.010982515380100637
Saints,1995,0,0.019959067248255802,0.002,0.010979533624127902
Browns,2009,0,0.020980461289642593,9.079365079365079e-4,0.01094419889878955
Chiefs,1996,0,0.01997142294651444,0.0019166666666666666,0.010944044806590553
Bills,2018,0,0.020260200444829457,0.0016,0.010930100222414729
Bears,1996,0,0.01980314721846399,0.0019166666666666666,0.010859906942565329
Titans,2015,0,0.020581268243378026,0.0010857142857142858,0.010833491264546156
Cowboys,2005,0,0.01997938849716463,0.001638095238095238,0.010808741867629933
Lions,2006,0,0.0211021366031251,5e-4,0.01080106830156255
Raiders,2013,0,0.020056666014573565,0.0015079365079365078,0.010782301261255036
Bears,2003,0,0.020413729725963004,0.001107142857142857,0.010760436291552931
Rams,2010,0,0.020160831296740622,0.0013079365079365077,0.010734383902338565
Rams,2009,0,0.020042640824522673,0.001388888888888889,0.01071576485670578
Cardinals,2002,0,0.020131882203898388,0.0012666666666666666,0.010699274435282527
Texans,2003,0,0.02006182522847144,0.0013,0.01068091261423572
Steelers,2003,0,0.02064632173727854,7e-4,0.010673160868639269
Redskins,2011,0,0.019997459301598797,0.0013333333333333333,0.010665396317466064
Browns,2015,0,0.020185641962683354,0.0010666666666666667,0.01062615431467501
Packers,2017,0,0.020031212357382033,0.0010857142857142858,0.01055846332154816
Bears,1998,0,0.02028187589819097,8e-4,0.010540937949095485
Bengals,2008,0,0.020739560720992922,3.333333333333333e-4,0.010536447027163129
Seahawks,2010,0,0.020199208747999076,8.666666666666667e-4,0.010532937707332872
49ers,2010,0,0.02059078548206561,4.722222222222222e-4,0.010531503852143916
Chargers,1995,0,0.021033246745352896,0,0.010516623372676448
49ers,2006,0,0.019737532598256946,0.0012888888888888887,0.010513210743572917
Cardinals,2001,0,0.020298585306045336,6.222222222222223e-4,0.010460403764133779
Jaguars,2008,0,0.019903889103334516,0.001,0.010451944551667258
Vikings,2014,0,0.020397509031091277,5e-4,0.010448754515545638
Chiefs,2009,0,0.020597778369844666,2.5e-4,0.010423889184922333
Jaguars,1995,0,0.020523371231393917,2.5e-4,0.010386685615696958
Texans,2006,0,0.019997965059455947,6.666666666666666e-4,0.010332315863061306
Redskins,1995,0,0.020653040503952558,0,0.010326520251976279
Falcons,1996,0,0.01978887746205571,8e-4,0.010294438731027854
Bears,2009,0,0.020210869972505208,2.5e-4,0.010230434986252604
49ers,2004,0,0.02010615689827877,2.857142857142857e-4,0.010195935591996528
Panthers,2010,0,0.019872158039964116,5e-4,0.010186079019982058
Panthers,2007,0,0.01973755191738491,5e-4,0.010118775958692455
Lions,2005,0,0.02022935963671524,0,0.01011467981835762
Vikings,1997,0,0.020195520053158278,0,0.010097760026579139
Redskins,2003,0,0.019906884381278633,2.222222222222222e-4,0.010064553301750427
Bears,2002,0,0.01986013596718761,2.5e-4,0.010055067983593804
Browns,2006,0,0.019873459767088653,2.222222222222222e-4,0.010047840994655437
Bengals,2009,0,0.019821193423042782,2.5e-4,0.010035596711521391
Bengals,1994,0,0.019863164052424387,2e-4,0.010031582026212193
Jets,1994,0,0.019955823480508283,0,0.009977911740254142
Falcons,2007,0,0.01994075262659567,0,0.009970376313297835
Seahawks,2001,0,0.019832466891664402,0,0.009916233445832201
Lions,2001,0,0.019788832518208177,0,0.009894416259104089
Cardinals,1996,0,0.019785097151859166,0,0.009892548575929583
